date,cum_strip,cum_mkt,cum_strip_rf,cum_mkt_rf,cum_strip_2y,cum_mkt_10y
1996-01-31,1.0,1.0,1.0,1.0,1.0,1.0
1996-02-29,0.9042316574548857,1.0163057872111647,0.9007120217415897,1.0123499136086347,0.9086458590380927,1.0466200915426047
1996-03-29,0.6955593619935758,1.027339165216716,0.6901551029797452,1.0193570902893214,0.7006799588828205,1.0689381192289913
1996-04-30,0.7527822781856651,1.0538861094111267,0.7435054133653057,1.040898610560031,0.7577565813616225,1.1155988099381422
1996-05-31,1.0179825343057862,1.0822686683775065,1.001223508987767,1.0644513017695354,1.0226292240028276,1.152419601520525
1996-06-28,0.8708960484329443,1.0730011429574162,0.8531391141977909,1.0511234334833373,0.8690038323240693,1.1261823099723327
1996-07-31,0.6566006652044023,1.0153223046286708,0.6403251013063874,0.9901548871681367,0.6522857324377654,1.065080242240109
1996-08-30,0.8893704370504649,1.0484235757108558,0.8637763130213995,1.0182522523635997,0.8809183106379882,1.1054859060917643
1996-09-30,0.8139775573364331,1.1039859345965732,0.7870822822905668,1.0675082638179056,0.7987077167945008,1.138124251048323
1996-10-31,0.7525052197883993,1.119377567614724,0.7245914169710004,1.077854819494248,0.7296546060843754,1.120682899054139
1996-11-29,0.8909712496672683,1.1928377540987314,0.8544108434772817,1.14389045885785,0.857578464252062,1.1633862171171796
1996-12-31,0.8326265399538882,1.1792106770682744,0.7947957872299781,1.1256327217750945,0.8015102299022792,1.1750273266957074
1997-01-31,0.8092963491855923,1.242374324751278,0.7690570587708314,1.180601821628266,0.775405187363044,1.2380758466300743
1997-02-28,0.7164335541701962,1.2410811489348048,0.6781615312800517,1.1747823472328458,0.6852998073066126,1.2394469983176697
1997-03-31,0.8198310678640219,1.1855387256845447,0.7727057406374345,1.1173918810751595,0.7849827222854825,1.207212936008835
1997-04-30,0.7227930344009567,1.2358814096082316,0.6783225563960924,1.1598427174421482,0.6863882238964669,1.2349610987243178
1997-05-30,0.6324100494924499,1.3244187864116916,0.5905994253094272,1.2368572807334752,0.5964124787739925,1.3087898049871594
1997-06-30,0.7729418309787051,1.3827668783404616,0.7191743333612404,1.2865786377033364,0.7235028272845377,1.3429556856705673
1997-07-31,0.8602552257272893,1.4887804130802338,0.796979629362834,1.3792739948963404,0.7959137097735611,1.3898985185598638
1997-08-29,0.6938521869940693,1.4350517522639012,0.6401861226923916,1.3240575361227507,0.64198735534672,1.3675111955893127
1997-09-30,0.7863221639443931,1.5189474530774079,0.722318795348123,1.3953114191774985,0.7215034144657055,1.415733189212752
1997-10-31,0.6975843492596873,1.4665999403514738,0.6381181391104312,1.3415782990970762,0.6351416462024252,1.3339006973004897
1997-11-28,0.8542725883540113,1.5110850236171027,0.7784076299893355,1.376890851914744,0.7763966807846219,1.3727381548944593
1997-12-31,0.7603658657720629,1.538189135395754,0.6895227694184894,1.3948764407652356,0.685593219004636,1.3769692218510128
1998-01-30,0.7839089060988862,1.545279818047835,0.7078221222722609,1.3952938049375045,0.6996933145921357,1.3547239164245115
1998-02-27,0.8976142499791692,1.6586703361979287,0.8073363808954487,1.4918489834087965,0.8009453752201853,1.4654862910951876
1998-03-31,0.7966518264846318,1.7436163307856996,0.7137392704697296,1.5621472348913257,0.7076885207604761,1.5366402354276507
1998-04-30,0.6791391566943398,1.7625143268058687,0.6058461343671904,1.5723029384134255,0.6006139230279706,1.548148896610181
1998-05-29,0.787024414940367,1.7169704551985607,0.6992856197582364,1.5255597235329483,0.6925222077102667,1.4930850330586896
1998-06-30,0.8679929535079095,1.7722682941511394,0.7680720904754595,1.5682498435854386,0.7594532100874056,1.5205760732614675
1998-07-31,0.8872232261491578,1.7311236478210263,0.7819545470285957,1.5257265229154477,0.7725758426102133,1.4847460964325758
1998-08-31,0.917643997517531,1.4571776457120102,0.8052956790421805,1.2787735383909824,0.7863503431976119,1.2052824672998326
1998-09-30,0.7432819713562991,1.551106472537309,0.6492874147752794,1.3549553875997116,0.6291808405689773,1.2187092981503374
1998-10-30,0.8249233793497224,1.666048746256416,0.7183022981509593,1.4507124821833437,0.6950083508930586,1.3226751066820868
1998-11-30,0.7217329349027989,1.7698012660602995,0.6265040095324484,1.5362851487603368,0.6085005269000682,1.4143961577123187
1998-12-31,0.654180190913593,1.8812547856640698,0.5657107101791172,1.6268392036445107,0.5498827122377294,1.4890967110522162
1999-01-29,1.0379934635762194,1.9536771862567581,0.8944819881934589,1.6835646034131573,0.8693878506266872,1.541351211977181
1999-02-26,0.9142200837736665,1.8792751780965682,0.7850687820135154,1.613791144301485,0.7708743344576323,1.550891045183527
1999-03-31,1.0373052586052585,1.951189114818083,0.8869437213053272,1.668356465091215,0.8676841067837466,1.5964628781812487
1999-04-30,1.0184686547663955,2.046907360000072,0.8676214129452048,1.743736194079086,0.8494439085014991,1.6806163241572356
1999-05-28,1.1993444902626293,2.004866634175061,1.018239493628283,1.7021251216384259,1.002121498332858,1.6840280884957337
1999-06-30,1.209354300903378,2.108539155083501,1.0226390414593378,1.7829964790494839,1.0069408407174723,1.7838645408876985
1999-07-30,0.9309174871647449,2.0429259352569504,0.7842051406921087,1.7209613554055134,0.7732479903234052,1.7355901747032056
1999-08-31,0.9202247285200265,2.024868785220454,0.7721801751888472,1.6991105377276663,0.7616084799279583,1.7280586213990146
1999-09-30,0.8885911103967756,1.9788506857776913,0.7427334161033294,1.6540324482312236,0.7305423128415499,1.6687196129250732
1999-10-29,0.8419476952775492,2.1022864192949458,0.701007013999504,1.7503670758025482,0.6914642269031007,1.7837050196446567
1999-11-30,0.7524846993321966,2.181838037257162,0.6242685618147685,1.8100738723857894,0.6170625023322911,1.8634798193008073
1999-12-31,1.0653664782032626,2.3646598227739193,0.8799579567758963,1.95313187404531,0.8726376787810554,2.044983349605311
2000-01-31,1.1273644611586653,2.271012189795886,0.927356302276108,1.8681070224517884,0.9247303365259439,1.9834275046110004
2000-02-29,0.9937215908719348,2.3450872457089242,0.8139159277109205,1.920763198351608,0.8095695548347219,2.02064548969395
2000-03-31,0.8813643794810366,2.4641903781502137,0.7185039032647345,2.0088517828810493,0.7133308882563041,2.051961008843261
2000-04-28,0.8879694021044382,2.3175231703884998,0.7205661952814871,1.8806153110747867,0.7176031187669161,1.949373880876056
2000-05-31,1.2009481713636865,2.229638601036876,0.9696805298511589,1.800275142244501,0.9657771618183341,1.8721346319809908
2000-06-30,1.072736860994799,2.3457043688424717,0.8627012679528742,1.8864291951023096,0.8529461877765527,1.927052465036035
2000-07-31,1.1472892946911362,2.3020048383958547,0.9182386313918647,1.8424208977170986,0.9061057131167666,1.882417832699059
2000-08-31,1.1674966810998804,2.4764278341053836,0.9297513146607638,1.9721358284743677,0.9149540722015277,1.9919759284065488
2000-09-29,0.9221782386533955,2.3492404196794436,0.7306529031441898,1.8613314225771986,0.7169771281794768,1.8921729332168635
2000-10-31,0.8087613119641816,2.291135655395765,0.6372129063963077,1.8051570819792158,0.6250136584361963,1.8295528701586885
2000-11-30,0.6541131538224383,2.055174158203181,0.5127458762841506,1.6110088422873767,0.500352873418379,1.6001010757868606
2000-12-29,0.8318125415633326,2.0973652107820926,0.6487887122840706,1.635881651574157,0.6281657627273279,1.584276132780789
2001-01-31,0.696649943314865,2.1852541720943046,0.5404396911924939,1.69525326353178,0.5190766695330408,1.6438195077596314
2001-02-28,1.049807973031972,1.9678507033154258,0.8113199940848165,1.520808244923712,0.7768766619649227,1.4632550870173036
2001-03-30,0.9147577952878364,1.82919375283165,0.7039866026368761,1.4077255228148735,0.6721026822557729,1.356422343753218
2001-04-30,0.8445478489413012,1.9829540764473845,0.6474239883254819,1.520117585343666,0.6191834010718474,1.5119432738655816
2001-05-31,1.0806152726693532,2.0034441491919783,0.8257448725607258,1.5309183346728938,0.7880167936729645,1.5254718696391065
2001-06-29,0.7218018221990017,1.9682818987223036,0.5500177864623887,1.4998438903507747,0.5246662566853779,1.4954667597914806
2001-07-31,1.1832863599372072,1.9327989231852098,0.8989711090442339,1.4683938312510534,0.8489818700716302,1.4250076221154861
2001-08-31,1.230118586952829,1.8193843695708038,0.9316580571326615,1.377951788478151,0.8763355640009327,1.3214815934864164
2001-09-28,1.0334910613293935,1.6528146241750303,0.7805491653976245,1.2482963072726831,0.7233770856155531,1.1739657917485546
2001-10-31,1.2780066944957824,1.6989546444325356,0.9630996384682695,1.2803239692516037,0.8838777188814787,1.1695228671666622
2001-11-30,1.357051478054601,1.8328273379093472,1.0209303458170347,1.378863719007288,0.9435236345598289,1.3077241486710751
2001-12-31,1.061894790786786,1.8657396356045448,0.7976820861896897,1.4015202802841964,0.7381241099679124,1.3547168626065487
2002-01-31,1.1822935405133872,1.8358443172214012,0.8868816173962208,1.3771339532464786,0.8196527941549137,1.326894163640006
2002-02-28,1.1725373479053633,1.7959233552027571,0.8784204513946343,1.3454375736223452,0.8085230597266351,1.282614464737961
2002-03-28,1.1881621390878958,1.8762162358849268,0.8889695396567269,1.4037638708059479,0.8263275281832416,1.391138090586911
2002-04-30,1.2792796175489627,1.78320964660346,0.9557079738406867,1.3321776216162782,0.8777782521522924,1.2844381234251838
2002-05-31,1.2190223907659827,1.7647239073246104,0.9094176935170832,1.3165231070818706,0.832756941299817,1.260864532291768
2002-06-28,1.1919639783146638,1.6405053847958972,0.8880762688370569,1.2222633633581488,0.8066655349312175,1.147380766454453
2002-07-31,1.3575944401055513,1.5075780578402338,1.0099636494325637,1.1215418921297282,0.9043964862199086,1.0229347752995557
2002-08-30,1.3565208368907826,1.5195797227692398,1.0077531147165542,1.1288888139682247,0.8995684508422729,1.0008738759458873
2002-09-30,1.2434031036683746,1.3675450453440852,0.9224261679288953,1.0145216236997048,0.8161673696337,0.860392177181512
2002-10-31,1.245808477443042,1.4700843260895329,0.9229176195695543,1.08906525470573,0.8158225427274002,0.943993345980763
2002-11-29,1.474487862125101,1.559512805703479,1.0910174676282693,1.153929954743913,0.9704740536138075,1.0230697738176706
2002-12-31,1.3767101910342765,1.4763508347820629,1.0175489380772749,1.0911949616886245,0.8961812814458505,0.9348879063304708
2003-01-31,1.4321686510988711,1.441745458939742,1.057481179606465,1.0645524795156327,0.9314674066860004,0.9206014994284928
2003-02-28,1.3332968775943428,1.419557498845738,0.9835908514942021,1.0472264598368572,0.8626737549957495,0.8832657038160162
2003-03-31,1.458832386499714,1.4343088863240177,1.075124405023534,1.0570511748296585,0.9421081120430101,0.897516057292246
2003-04-30,1.4330915205094013,1.5529590628505625,1.0550983793798698,1.1433495816613903,0.9239823685567976,0.9718282357070651
2003-05-30,1.3778496953735224,1.6516184060598196,1.0135145998336825,1.214892577554965,0.8842896414908885,0.9914867212139575
2003-06-30,1.226593290733216,1.6787177402201074,0.9013520586142195,1.2335920165315064,0.7854867791233722,1.0169910959499118
2003-07-31,1.6056772395207408,1.7174253944993536,1.1790931471741264,1.2611529039556089,1.035296260117667,1.1149399138430593
2003-08-29,1.5587418509491113,1.7604218071015656,1.1438262362817286,1.2918217655214554,1.007333362183802,1.1375382892625832
2003-09-30,1.6295377470345886,1.744251564263556,1.19482100054262,1.278932263461814,1.0404436579405734,1.0767328610212625
2003-10-31,1.5428362575663566,1.849593964941566,1.130457534113181,1.355223162836861,0.9901353085854581,1.170348030691757
2003-11-28,1.588948144367035,1.8802922007032012,1.163429667540486,1.3767521222755383,1.0212048761384802,1.1877985078620918
2003-12-31,1.6248623611058044,1.9657574015319446,1.1887746982721485,1.4381788376783096,1.0371459201705835,1.2291142924888043
2004-01-30,1.5812791201313938,2.0110420815069916,1.1560789794240747,1.4702802608146013,1.0063430302844267,1.2413339663109393
2004-02-27,1.54715693767286,2.042043759239414,1.1304536506414522,1.4920502026601123,0.9794168091408969,1.238814319969897
2004-03-31,1.605353852804239,2.0202899735939734,1.1719209045817058,1.4748275274238327,1.0127730047144587,1.208274925633494
2004-04-30,1.6450639511950567,1.9713061918656498,1.1999492444023883,1.437918187737651,1.0514603367201227,1.2398430901382247
2004-05-28,1.522458431648393,1.9991008287659915,1.1098517163595607,1.4573176120017433,0.974498001439004,1.265761956076613
2004-06-30,1.7245361153659422,2.0423577027145376,1.2561583006955084,1.4876606864854653,1.1031316349734825,1.2802116234848768
2004-07-30,1.7302121002357962,1.9653341194898144,1.2590330456898524,1.4301255909158344,1.1032529367835593,1.2172268104004649
2004-08-31,1.6187083603807273,1.9707755849786046,1.1765995286185034,1.4325085858908433,1.0235903038368326,1.182539311427044
2004-09-30,1.6058315749210543,2.011281039920137,1.16595645035644,1.460343748745742,1.0168672146090505,1.2034695758142169
2004-10-29,1.665214882231353,2.047086695686825,1.2077440205048415,1.4847073146847396,1.0508275271270884,1.2113944584121703
2004-11-30,1.8115766465850132,2.1459393627628636,1.3119276465741863,1.5540701428159394,1.1497652197131627,1.2927254257951872
2004-12-31,1.884844224059795,2.2215480412300614,1.3628051390254208,1.6062532110261747,1.1940836482482358,1.320579378268421
2005-01-31,1.8308409925958145,2.1626477797693147,1.3216426834786454,1.5611664948690887,1.1609222377502173,1.2736566806370386
2005-02-28,1.8801823660639623,2.2116708922779966,1.355091223067853,1.5940027247009096,1.1954452948169427,1.3198337151761796
2005-03-31,1.8922561059871585,2.174415823181054,1.3609320883009153,1.5638645623672398,1.2029908154256157,1.3034906013224328
2005-04-29,1.9141095316526726,2.119525520253679,1.3737613901196033,1.5211889794956726,1.209551701295922,1.238262080943028
2005-05-31,1.9623633596853454,2.2000563617791515,1.4050171970617573,1.5752011509736272,1.2341656170267052,1.2621329906069156
2005-06-30,1.9457924576434185,2.2253101469669354,1.3899521572806866,1.5896220726137291,1.2215719237651677,1.2651758547673075
2005-07-29,1.896908957261183,2.321778640572565,1.3517846694686755,1.6545574104712668,1.1960340951823463,1.3488137446461095
2005-08-31,1.960346876587399,2.3077868980242195,1.3928074180204149,1.639660179107669,1.2271628735997797,1.3133596234464082
2005-09-30,2.0503639274845513,2.332224428470125,1.452545163651835,1.652224402075308,1.2877805970441976,1.3519825957340574
2005-10-31,2.010840942955851,2.283272771656935,1.4207046972096176,1.6131839582177483,1.2639216040044068,1.339543373264067
2005-11-30,1.9812289681287645,2.3753695684321547,1.3954505571070883,1.6730579054346044,1.2412264924154357,1.3848567624397563
2005-12-30,2.083410847961956,2.383680014275086,1.4627326748872493,1.673547321099262,1.300064588874226,1.3743122607119094
2006-01-31,2.2937191941787365,2.4792369603969386,1.6047606253898437,1.7345548945806035,1.428920909809671,1.4359579562282516
2006-02-28,2.223120956109187,2.475194992831967,1.5500885288807005,1.7258491287162057,1.3841139274478034,1.4333975650211483
2006-03-31,2.297921248802173,2.5222040441423146,1.5963262722817129,1.7521316632666637,1.4292467277732803,1.4900978530156663
2006-04-28,2.314752240087563,2.555281662773997,1.6022400127074177,1.768731207137384,1.4355305910965868,1.523034936190311
2006-05-31,2.3049613853357798,2.4760237784651027,1.5886171546303416,1.7065161589113926,1.427515787079609,1.4773413129720037
2006-06-30,2.2529359802863618,2.475234907637813,1.5465617569748675,1.6991621959871595,1.3932054447596007,1.472340235366832
2006-07-31,2.253824379413562,2.4705733938011356,1.5409952863436929,1.6891919304752108,1.382346322571145,1.4458298004794201
2006-08-31,2.3037956590806656,2.532694661060239,1.5685600756678533,1.7244080279157756,1.402755276175356,1.4508816578322474
2006-09-29,2.274790562373681,2.581859374932972,1.5424745657306733,1.7506897048015808,1.378218466951374,1.4624575425124005
2006-10-31,2.273383993362408,2.6778114308307392,1.5352135124260522,1.8083228809313339,1.3720236145271545,1.5061536894445697
2006-11-30,2.2487837854778534,2.741030928654071,1.5122362722795182,1.8432569731775656,1.3499627942886114,1.5209149453380715
2006-12-29,2.359493782516194,2.7708066129796007,1.5803511941145028,1.8558419487814934,1.4172803407554022,1.5620323307547883
2007-01-31,2.371956124240118,2.8250690451032874,1.5817233549343386,1.8838787287321526,1.4219918065009352,1.5983767393007635
2007-02-28,2.3309480395226667,2.785403648178868,1.5484819574584767,1.850383286247446,1.3858439070950552,1.5450355561208977
2007-03-30,2.3575004350202313,2.8214924093926586,1.5594012290543426,1.8663151300485974,1.3955152439773526,1.56857822643776
2007-04-30,2.4502970057710995,2.9336846714388787,1.6136670245217442,1.9320066928605069,1.4450659126516623,1.6199363553098565
2007-05-31,2.4785740956720517,3.0478954086464967,1.6256104932795947,1.9990085296889235,1.4645088211301118,1.707734923874556
2007-06-29,2.486059408354316,3.0027716657245636,1.6240107967603634,1.9615515176167424,1.4628039631435907,1.693977929480987
2007-07-31,2.4625929556559663,2.9074241743074563,1.6022595341195485,1.8916841666075892,1.4342421905938114,1.6019283199737955
2007-08-31,2.414045216932887,2.9413069635487066,1.5640894813466093,1.9057088288276096,1.3920359388423174,1.5933037169707316
2007-09-28,2.2986754534071037,3.0613518545364724,1.4845817269468498,1.9771503699068689,1.3164545010957531,1.6590619292176976
2007-10-31,2.4281145031193803,3.140392311787336,1.5631687819861035,2.0217181762510053,1.3846608386106656,1.6799202151851265
2007-11-30,2.3740557092408636,2.98715699970525,1.5231792499841346,1.9165411918032933,1.3264317488563948,1.530320648156722
2007-12-31,2.289836543665815,2.9744110628965403,1.46518342103961,1.9032178470415926,1.2770475053239185,1.5293378124753534
2008-01-31,2.5708912110183704,2.78954861708286,1.6415691997946842,1.7811866451241896,1.4052599897865972,1.3813079617911403
2008-02-29,2.539432491111743,2.72914118269309,1.6193755749367416,1.7403512742614142,1.3744220078228824,1.3389901137680804
2008-03-31,2.4903189817480835,2.7008649452187803,1.5853588847230131,1.7193942899370587,1.3437592104868767,1.310367533703755
2008-04-30,2.502970806850522,2.8391650183065726,1.5905475835582166,1.8041868673941042,1.36736083208,1.4004929156961579
2008-05-30,2.4847099246631577,2.9071551617928133,1.5761039103370884,1.8440698340589845,1.3655674809081546,1.4614416439899336
2008-06-30,2.383711612252654,2.678814974449367,1.5094702687374586,1.6963426022658585,1.3054244288585746,1.3323260395153878
2008-07-31,2.3842129316160943,2.6436534431457304,1.5075247421198104,1.6715675526644354,1.2989056964115269,1.3080949936833899
2008-08-29,2.3246510994744067,2.6716247209920407,1.4679545409188137,1.6870590350947412,1.2607405500785853,1.3019978504428973
2008-09-30,1.9712872336948943,2.4068925611180925,1.2429489571982126,1.517609685587249,1.0584864367112128,1.171956998897363
2008-10-31,1.814340322771114,1.9631647333421847,1.1430749356032215,1.2368376389916824,0.9620987463906376,0.9840338548818761
2008-11-28,1.9077494374546593,1.7988233123349138,1.201564241259875,1.132958933710939,0.9995161007655465,0.8307317120669507
2008-12-31,1.8346991447806809,1.8391207405434276,1.1555547298600288,1.1583395983828622,0.9550194229245356,0.8036373854843148
2009-01-30,1.8537093599609265,1.694483622563413,1.167527997591516,1.067242316155095,0.9688736640514725,0.7748821679525875
2009-02-27,1.5079724231165068,1.5243539691824872,0.9496763680482776,0.9599929805621872,0.7887289848570415,0.6984233716874729
2009-03-31,2.024483730286824,1.6570814097183952,1.2747049244821644,1.0433720961228072,1.053449998269286,0.7350456319758726
2009-04-30,2.1110674648611543,1.838599126467961,1.3290889760010725,1.1575479566374194,1.0997326688911186,0.8458284149084493
2009-05-29,2.0702477529243493,1.96338280093598,1.3033896414029171,1.2361094469170577,1.0775727170263512,0.9183330796499034
2009-06-30,2.4005644933626185,1.957459757015757,1.5111998157242863,1.232257176288692,1.2523769310591313,0.9129598456698818
2009-07-31,2.3427381710728716,2.11765619458464,1.4746496023561473,1.3329704974419576,1.2198667359348359,0.9795812347401158
2009-08-31,2.2931575705200165,2.184102615234561,1.4432964800656167,1.374658094670442,1.1887801917757068,1.0001691726366724
2009-09-30,2.4100823207843303,2.283129906001012,1.5167363752183762,1.4368414505665865,1.2463830933435731,1.034835308674325
2009-10-30,2.300288278172944,2.218866644917553,1.4476397237161274,1.3963986719797883,1.1861084178393884,1.0093161026676705
2009-11-30,2.3370021732104376,2.3456021654763277,1.4707448681334323,1.476157098655095,1.1969682187809147,1.0470947278437313
2009-12-31,2.4716719862016108,2.412199714677582,1.5553410387754618,1.5179171147730404,1.274829103383188,1.1192867646239786
2010-01-29,2.448727953956594,2.3224477570644844,1.5409031217925928,1.4614391906126378,1.2518201238415125,1.0556888904974668
2010-02-26,2.4073665154466712,2.4031103042108923,1.5148757431208248,1.512197450838651,1.2284190373226735,1.0901602624463587
2010-03-31,2.496204758346641,2.55614832285587,1.5706216269620652,1.6083383481166813,1.2757820199657777,1.1760678676349374
2010-04-30,2.4350397616112596,2.6073815006915755,1.531983169979572,1.6404104112585178,1.241565115369502,1.1801636911589173
2010-05-28,2.2986240900414683,2.400641424902475,1.4460138794562882,1.51019074195123,1.1654313586778995,1.0597789240843438
2010-06-30,2.360224876717797,2.2785489095912936,1.4846171109175839,1.433241693455085,1.191581637535975,0.9729452129121805
2010-07-30,2.293406479045434,2.4386626430268876,1.442443077622319,1.533802263240485,1.1556739209294304,1.0331163382452864
2010-08-31,2.4705187630384637,2.333954700582156,1.5536828643270035,1.4677991839859978,1.2427517520102245,0.9548353735398006
2010-09-30,2.466584712826185,2.54786058659976,1.5510536690426937,1.6021620869152382,1.2389107132630053,1.0444041214583697
2010-10-29,2.3919620071791043,2.64622913497045,1.5039785337841889,1.6638524368384136,1.198625799996175,1.0904056143608445
2010-11-30,2.3556930190617025,2.659759067201535,1.4810258059125991,1.6721923375247367,1.1839010910357073,1.1039446169369356
2010-12-31,2.4598509875083963,2.838653583603111,1.546355348366339,1.7844849844380901,1.238566377413135,1.2258938719269232
2011-01-31,2.647936654590443,2.892929983337558,1.6644266600393023,1.818423330311438,1.330865038975029,1.2496134562502657
2011-02-28,2.603787209464982,3.0031920041618507,1.6365117652546683,1.8875425112559332,1.3103000986260085,1.2975050003700856
2011-03-31,2.596206776776235,3.0134600757842067,1.6315842050128664,1.8938067283652849,1.3082659583381353,1.3025677733971681
2011-04-29,2.649267135885876,3.0997130944418867,1.6649299479675552,1.948012373360672,1.3277120423792024,1.3206392910880036
2011-05-31,2.6660296924673506,3.0536077408912807,1.6754643641005909,1.919037498442153,1.3310919202023463,1.2693424162867712
2011-06-30,2.670419822829109,2.9976514015786884,1.6782233382394254,1.8838717788972204,1.3315115770068877,1.2535129664286957
2011-07-29,2.637016852202933,2.9303702278294783,1.6572312663591375,1.8415889756298138,1.3113184152589845,1.1884392636857761
2011-08-31,2.8606798851442123,2.762231214493698,1.7976123617238229,1.7357485550547567,1.4174302627333872,1.069446963084355
2011-09-30,2.757074601598963,2.527210298076459,1.73250820959271,1.5880646052324605,1.3676584045730744,0.9504466710622756
2011-10-31,2.7799474846133387,2.8156533421318053,1.746881218424781,1.7693182940285421,1.377166077285924,1.0718968872409884
2011-11-30,2.891591217659642,2.7969608103086645,1.8170366229757213,1.7575721610719357,1.4322071926430535,1.0556127915922342
2011-12-30,2.830382615242732,2.807277662308031,1.7785739690731055,1.7640551306570493,1.4012025377605788,1.0397318580670472
2012-01-31,3.032215695657145,2.959183435652284,1.9054031337908686,1.8595106541495283,1.4998256968196693,1.0864035385883921
2012-02-29,3.0019459081162383,3.0810117240498593,1.8863820106820366,1.9360658948698988,1.486790631543077,1.1432394900138743
2012-03-30,3.179950100467376,3.1550847383897116,1.9982374259875975,1.9826123703909626,1.5753834239646867,1.1939570211140713
2012-04-30,3.2726117176007357,3.1335404610289035,2.0564647268754945,1.9690742392951641,1.6175863870701415,1.1530427643223304
2012-05-31,3.1474749312176233,2.926923679281817,1.9776326978269143,1.8390551469626153,1.555282749373719,1.0441852076906633
2012-06-29,3.130088874228175,3.0386598413211368,1.9667086283617083,1.909261611639098,1.5476310733070395,1.0912769915099054
2012-07-31,3.1760090846580207,3.070004765177957,1.9955613790973667,1.9289563662232627,1.5662259375639873,1.0853933933460602
2012-08-31,2.996322502029007,3.1508359004171367,1.882471806708493,1.9795465094574134,1.477985771771074,1.1166980390086514
2012-09-28,3.296312086946722,3.234235421200317,2.0707364027591026,2.031739970342394,1.6259297175584604,1.1536067174742564
2012-10-31,3.352018449248596,3.1892379715721395,2.105520461216383,2.0032723287482606,1.6543568834988795,1.1408755610743022
2012-11-30,3.243644119185187,3.2093763704292737,2.037243005515041,2.015720381915608,1.5992225625000251,1.1374106916644644
2012-12-31,3.556282804096338,3.24990745727717,2.23337935269406,2.0409727271657814,1.752613533512125,1.1619970946031528
2013-01-31,3.4068896653620486,3.4258903375094083,2.1395590437189127,2.1514916461577105,1.6784572737100782,1.2434959634251042
2013-02-28,3.2999841712853626,3.4543867972107605,2.072421378827524,2.169387693302378,1.624281283411736,1.239418691482586
2013-03-28,3.342460140826961,3.5763878199141677,2.099096690827626,2.2460054934389406,1.6451142997085086,1.278375200616982
2013-04-30,3.4104866878323574,3.6298084850976484,2.1418180079686375,2.2795541781753013,1.6765288986769935,1.2750761852522676
2013-05-31,3.1534252254943422,3.6996255016379296,1.9803809699193113,2.3233999271770838,1.5524570168487526,1.341483919743532
2013-06-28,3.3864416445006604,3.6438379951545983,2.126717492551306,2.2883648436413644,1.668292328920005,1.3619658968452852
2013-07-31,3.54119141869904,3.8354017852057147,2.2239018194362856,2.408668721873764,1.7415169791124412,1.4400864163697582
2013-08-30,3.789538834427483,3.7366152912372437,2.3798663535121327,2.346629866105576,1.8663501078140952,1.4212853639929843
2013-09-30,3.5884402090363055,3.876874154207739,2.2535745081936227,2.434713763210111,1.762720554767333,1.4486692670709944
2013-10-31,3.3436674232616794,4.031762136828629,2.099854875654622,2.5319848862961254,1.6409206360633994,1.4961999451021286
2013-11-29,3.497546626907062,4.132225168851385,2.1964924759699684,2.5950766238739753,1.7148153692597086,1.552487654486454
2013-12-31,3.6886319622011405,4.240479966176226,2.316495880074063,2.6630616640110785,1.8112540698955173,1.628587554736611
2014-01-31,3.8465929029304484,4.113312873276174,2.4156968500167815,2.5831995227612428,1.885344017222688,1.5253613378440445
2014-02-28,3.7902248273888333,4.303766050350007,2.3802971636024353,2.7028059255033807,1.8555247606985374,1.588987009380221
2014-03-31,3.8332468323874664,4.323033764399753,2.4073153910518306,2.7149062327913023,1.8782054255679055,1.6024046731742962
2014-04-30,4.038201997224346,4.328766057480962,2.5360291797436174,2.7185061672499504,1.9763126452308868,1.5911620906289798
2014-05-30,3.87756768193901,4.416562455068696,2.4351493052074367,2.7736431381869924,1.8939305236784072,1.5929858427030015
2014-06-30,4.146351319480237,4.540395128205217,2.6039479805363848,2.8514112321792515,2.026228359105606,1.6416198114219935
2014-07-31,4.0595278343308685,4.447097522514162,2.5494220078442855,2.79281945034284,1.9842878152239511,1.6081445442471543
2014-08-29,4.107441052780629,4.62626931515044,2.5795119637621773,2.905341036589614,2.0053113385233754,1.642094235197007
2014-09-30,4.0565510665253015,4.50973923326329,2.5475525694106884,2.8321590392088853,1.9806008018461672,1.6179321204702635
2014-10-31,4.158940746022459,4.605244336029045,2.6118542598877545,2.892137150158968,2.0252860545207647,1.630785333242785
2014-11-28,4.217569419077638,4.703395135201029,2.6486736229953403,2.953776783561753,2.0506641761180555,1.6422305248904814
2014-12-31,4.090295159976389,4.686379300565372,2.5687441803540674,2.943090677917861,1.994563197802985,1.6339788550050032
2015-01-30,4.5283958194341025,4.559525627605424,2.843875552388788,2.863425367364995,2.1965538332841468,1.5250315882111054
2015-02-27,4.319779066500638,4.814394670408694,2.7128622516211998,3.023485545138838,2.100495333778414,1.6517145951750354
2015-03-31,4.2705068143475495,4.764955712498326,2.6819188096393947,2.9924374103593023,2.0715959134036903,1.621513501174172
2015-04-30,4.582149796436468,4.806360294886904,2.8776335601107808,3.0184398810590616,2.220629050853924,1.6487206943432753
2015-05-29,4.453040107903917,4.855781042520256,2.796551450367084,3.0494765796118015,2.156935372127462,1.6720556777159314
2015-06-30,4.675359463480736,4.7624960652846795,2.936170115642408,2.990892728565284,2.2637291046538164,1.6706212626053245
2015-07-31,4.796186018571649,4.821051107218506,3.0120503389717688,3.0276658506298473,2.320490888356472,1.6659294373747304
2015-08-31,4.53794054782263,4.532075371075689,2.849869732403228,2.8461863457413354,2.1975903145996516,1.5679419458210082
2015-09-30,5.228251785238379,4.378855355707266,3.283391741058211,2.749962721920098,2.5218104636683543,1.488414026313283
2015-10-30,4.800437259909714,4.7022856462530145,3.014720158879459,2.95308001397254,2.3179883807058514,1.6104568210434498
2015-11-30,4.939912479035526,4.7142730380845,3.1023119202121814,2.9606082098118183,2.391645977912121,1.6202331249058208
2015-12-31,5.303848308361435,4.609293631771151,3.330534004991992,2.8943906927740715,2.5702117428254057,1.5901463567578693
2016-01-29,5.921625677728135,4.346609615529007,3.7180934331130557,2.7291662032249144,2.8521702954498775,1.4562017844071757
2016-02-29,5.285954189930151,4.349300693974421,3.318301812618023,2.730309771494037,2.5424097127538965,1.4331567340297289
2016-03-31,5.765818752347972,4.655848585862087,3.61881695661491,2.922163275265651,2.7680499664948286,1.536384111136285
2016-04-29,5.759918998620006,4.710467481818438,3.614752584341992,2.956148256154569,2.7663961018645224,1.5613683883526435
2016-05-31,5.690414145005069,4.778360695523996,3.5707763252367006,2.9984561422468223,2.7358675526778895,1.581949153735506
2016-06-30,6.201363386653155,4.792749167571004,3.890622493832935,3.0068835764056696,2.962160799223299,1.535511060446451
2016-07-29,5.9452608129048565,4.978832313719646,3.7292024862885147,3.1230040913991477,2.8406936893758328,1.5899312848881435
2016-08-31,5.8287205906958635,4.992827547537685,3.6553707467919496,3.131156396513317,2.7922473339577767,1.6071613586713462
2016-09-30,5.681840647278363,5.008015143896315,3.562545216471718,3.140052933982197,2.7184538401948486,1.614188955569358
2016-10-31,5.496055414541773,4.900045590155334,3.4453677151793802,3.071741022581343,2.630691577675375,1.6043224699488718
2016-11-30,5.418838048457172,5.099355883495528,3.3966220065625277,3.196365024805723,2.603659172443637,1.7407364170969508
2016-12-30,6.102332235705429,5.194814400160549,3.82390071740557,3.2552233710471463,2.9335743180741796,1.7796170216250107
2017-01-31,6.2124043978009125,5.309804204405049,3.891318330353411,3.325948716169059,2.983958913967931,1.8150764601230922
2017-02-28,5.637379715812625,5.482704808925439,3.529722896044914,3.4328765617893144,2.7060620935887503,1.860370393854061
2017-03-31,5.7296547386217185,5.493754492923617,3.586422809620675,3.4387632977370117,2.746395763274729,1.8596120307391706
2017-04-28,5.706819117846441,5.546830247956201,3.570343452208498,3.4702500022071554,2.7318521145092394,1.8570335807504024
2017-05-31,6.192534448287471,5.598747701835157,3.8718965254982054,3.5006299851705336,2.961118470340784,1.8598044972424426
2017-06-30,5.86643394729645,5.653490139959805,3.665801290211962,3.532737543020693,2.8072962757453293,1.8804467062637087
2017-07-31,6.212673997689626,5.767823282717989,3.8794422709675214,3.601659681928907,2.9670680606943387,1.918489278111098
2017-08-31,6.273206562031303,5.777196887118528,3.913717295515695,3.6042676346040547,2.9911257839498124,1.8892573658644214
2017-09-29,6.257343381820217,5.914732152835878,3.9003087440235418,3.68675332750434,2.989136805781132,1.9679870573376161
2017-10-31,6.090811568176113,6.028932253149199,3.793091308329278,3.754555574730108,2.9118790160116466,2.0082597946965857
2017-11-30,5.7871374278359795,6.193719293691211,3.6010942945900104,3.8540932350286012,2.771613360108963,2.06854366516086
2017-12-29,6.128905851275466,6.26950439414525,3.810331690400041,3.897741596265914,2.935891294203485,2.0892117199309843
2018-01-31,5.857469927615876,6.586792232162671,3.63757684260843,4.090496952929343,2.815083631509009,2.2479908887841242
2018-02-28,5.983220230096249,6.32709829058977,3.711584680560898,3.9249033437932215,2.8765141483581007,2.1878064108529984
2018-03-29,7.178663223431082,6.210159767755371,4.447815982028934,3.8477425401178658,3.44523451193314,2.1202676141811745
2018-04-30,7.882877116617728,6.239660795610245,4.877305684455942,3.860612390284774,3.789940517664704,2.1638272207928892
2018-05-31,7.787314462247673,6.403435193535537,4.811438283010595,3.956400294648115,3.7303575857393,2.1995240599366475
2018-06-29,8.13087013004311,6.437466078083975,5.016677915909786,3.9718619768645853,3.8950128675044406,2.2062272978524917
2018-07-31,8.033295723610415,6.641226521615445,4.948551314997116,4.091029555919735,3.848986725292513,2.287745212488087
2018-08-31,8.091089023020738,6.842876374400301,4.976184016130883,4.208507895756363,3.862482560431267,2.3337222293668876
2018-09-28,7.778764069420193,6.846014308515742,4.776927061457185,4.204126866635964,3.7199298332747306,2.369883264605543
2018-10-31,7.587830638493523,6.3393970151063535,4.650830157564213,3.885624261176549,3.621994152674549,2.2040888419792224
2018-11-30,8.31754196979496,6.457798562363308,5.088925839834909,3.9510781059839353,3.954108503286696,2.2122546257909455
2018-12-31,9.830576114246723,5.877885916224993,6.003229294538025,3.589443437714351,4.63485223626247,1.957680060210361
2019-01-31,7.607218834531498,6.395304668676936,4.635748353831248,3.897222327231008,3.577412283195737,2.1149145309104287
2019-02-28,8.624081395053455,6.604572900443261,5.245961026977842,4.017509859708901,4.053135212989958,2.193489706858424
2019-03-29,8.456920184113068,6.692736527514857,5.1345133253313895,4.063411281569418,3.947097247835769,2.159247429624397
2019-04-30,8.24051233988792,6.946238197933817,4.992628472914046,4.208474567628548,3.838673088017907,2.2550463895843436
2019-05-31,8.435419243784429,6.518247236456523,5.099994277351918,3.940885763181016,3.89764607555313,2.0507767522403877
2019-06-28,8.999971358589764,6.957552847394327,5.431532893592594,4.198921934730756,4.140288308602775,2.1628790362988126
2019-07-31,8.243465913977218,7.040897361177143,4.965534156562259,4.241154958922637,3.7948167845045586,2.181295410877455
2019-08-30,8.4317195494745,6.89778247131767,5.070810825671974,4.1483056716311175,3.849389402565388,2.0540877839852505
2019-09-30,8.940885464378399,7.007928087780912,5.367351744947608,4.206967553748136,4.087143353078261,2.116201626401076
2019-10-31,9.187853454818292,7.14276814104851,5.5073432333218175,4.281487072278099,4.186333674126797,2.1585212383365566
2019-11-29,9.322973102382935,7.392616025370995,5.58163408462317,4.42593549596271,4.252313199169804,2.2507021571632193
2019-12-31,10.036294749130407,7.603507287272518,6.000291175238019,4.545826803326225,4.56728125126296,2.3413470694434806
2020-01-31,9.628634838281599,7.590296010932272,5.749089269890619,4.5320328462609085,4.354172440924516,2.2491526245980995
2020-02-28,11.510718316287097,6.998024888331868,6.864605888811084,4.17338705878304,5.160385836738847,2.013445113259495
2020-03-31,5.811346159781998,6.006437372044613,3.461535376457222,3.577741693258061,2.569147195583234,1.6621471231352853
2020-04-30,7.0942862636454365,6.782573081376782,4.225720202708493,4.040047868267571,3.1330846014331857,1.867542776447146
2020-05-29,6.858173593009636,7.147934166496866,4.084670917043108,4.257249894722444,3.0263092677425822,1.9667405793661994
2020-06-30,8.805652081408143,7.33172150914455,5.244048409612213,4.366275451755163,3.8836738619777154,2.0165269069761504
2020-07-31,9.827775358610811,7.737357637352546,5.8521703773484255,4.607384022528746,4.330014571237952,2.101154728509365
2020-08-31,8.9439476570929,8.267740347848758,5.325342688127652,4.922720066886569,3.9414291888184136,2.278702751403048
2020-09-30,9.199435522576085,7.979126153714775,5.476915765095983,4.750400360513935,4.054723398483081,2.1935412513817516
2020-10-30,10.127686642855858,7.818089322784849,6.028950355787434,4.6540610967096745,4.46556767655032,2.1871298401731627
2020-11-30,10.431157969873166,8.787551363676025,6.208984064409063,5.230652870929921,4.596737766625058,2.4485060455438976
2020-12-31,10.556002626586109,9.18005457434932,6.282667600672942,5.463737883260316,4.648323070438181,2.5706337790265295
2021-01-29,10.121169741260903,9.174408372685358,6.023865990159956,5.460377405860309,4.455869096634199,2.5968730087154483
2021-02-26,8.33137493676584,9.441260693483871,4.958625081472298,5.619201203973309,3.6700693398397823,2.7420132132946216
2021-03-31,11.193956252504373,9.727566914405363,6.6623615736730954,5.789603474765119,4.931612792407537,2.9105666065671167
2021-04-30,10.515249906331746,10.194976960127816,6.258412605269993,6.067794192820975,4.630675355878035,3.014692349266384
2021-05-28,10.448486173188261,10.266595119707429,6.218676508381943,6.110419522382512,4.59770631597817,3.02545949749411
2021-06-30,10.3951841179545,10.507380278565863,6.186952464033657,6.253728800505723,4.582633147937408,3.0534121392183
2021-07-30,10.86922472438014,10.630643479186213,6.4690895252629526,6.327091961191406,4.782938661391075,3.017332038103586
2021-08-31,10.56138712201169,10.91943404919527,6.285872317093823,6.498972854154252,4.64931765776244,3.1143646388852946
2021-09-30,10.037057077022242,10.456879738882874,5.973804245282442,6.223672147840278,4.421358507637108,3.0291629711666896
2021-10-29,10.870268222431287,11.132798350754461,6.469710589090729,6.625961926814199,4.807423501113393,3.240831091748954
2021-11-30,9.547928388007746,10.92907862432291,5.682687136303011,6.504713063002255,4.2231788516832784,3.1423884859605438
2021-12-31,10.861386336227655,11.291580683778738,6.463777903421537,6.719793169962855,4.8140320387195175,3.2621120940197086
2022-01-31,11.759802385440008,10.616366240815728,6.99843909925881,6.3179626796931165,5.250275498700646,3.13777591488947
2022-02-28,11.277350694058974,10.38316793666314,6.711324684424344,6.179182785595326,5.058366352537676,3.0781508583569415
2022-03-31,9.61503551571722,10.700529069965876,5.722055378861689,6.368049272556094,4.378984563069253,3.3164467947603793
2022-04-29,11.010943817930526,9.740274599214164,6.552781858864871,5.796587081859137,5.035607041183735,3.1756723785695278
2022-05-31,11.753712285992338,9.719867109248238,6.992716657796723,5.782707198593997,5.340640049674155,3.1375802642459765
2022-06-30,13.065459183840055,8.902966151498372,7.768460760693852,5.293525641046258,5.970246963956938,2.908977943115717
2022-07-29,11.64974869725785,9.706944250872453,6.921168465201144,5.766939544233925,5.300452287217218,3.068214674096939
2022-08-31,9.154250170986327,9.353578057595627,5.4282579937038635,5.546454806511574,4.1991028599510205,3.090296960744862
2022-09-30,10.487447344394981,8.499026004620884,6.207008463576382,5.03015887569931,4.873342996255094,2.9559262477897557
2022-10-31,9.891767846006955,9.157736392474723,5.841005055169078,5.407565704642303,4.595515804175509,3.2334208516066076
2022-11-30,11.959133376304626,9.637639469195213,7.041317416736605,5.674464571582663,5.511494367041593,3.2695055498851464
2022-12-30,12.351650343264645,9.086859323334709,7.2484647308485215,5.332548889330427,5.687583995756982,3.140972314346062
2023-01-31,11.177058596027948,9.739467744410067,6.536248244518377,5.695557413429567,5.106787899039178,3.258135825392527
2023-02-28,12.31580454220567,9.498776815905714,7.177731310793613,5.535949156396437,5.677043545593018,3.2796035255031066
2023-03-31,12.892710212013602,9.723388004721478,7.486954093945205,5.646490026676663,5.834920594733667,3.2231515781512563
2023-04-28,13.826236029178947,9.810116539306065,8.00101132069936,5.676950207035409,6.242398238077669,3.231673690018817
2023-05-31,12.124386821895127,9.816004632477354,6.990966839142831,5.659945025392657,5.500792812524053,3.2848237632046247
2023-06-30,12.900808821223073,10.465404562181366,7.408959482417682,6.01030210142746,5.893404960537144,3.5482301995572527
2023-07-31,14.699208952376427,10.838050981786365,8.403881475782104,6.196367176935143,6.695868200324233,3.6995828258064885
2023-08-31,13.980496669156857,10.613152132098683,7.957089269292587,6.040543547354906,6.343609299149219,3.656028327755291
2023-09-29,14.394840625604553,10.10914995143599,8.157761884482284,5.728999737006606,6.531917120535209,3.6029755682515208
2023-10-31,4.744446454948668,9.813624027328864,2.676138150438819,5.535443155060746,2.1472925676217374,3.5845885612199626
2023-11-30,6.1180367922595424,10.715681468792653,3.435770673073719,6.0177186543005465,2.7369337723027725,3.7205871145085503
2023-12-29,33.747293146900525,11.290435042667719,18.87050669775614,6.313283532573036,14.931914959829678,3.7705250774524264
2024-01-31,114.46939459104605,11.375259990882444,63.70783102919715,6.330889964093618,50.458801406077626,3.7959832388874473
2024-02-29,43.41423115951674,11.9513835093554,24.060880220197408,6.623653106458557,19.23025315325347,4.0866073701694985
2024-03-28,145.48578218135873,12.340081857121321,80.2846436051329,6.809731226671674,64.2341532613381,4.18970336991162
2024-04-30,162.15493152351567,11.812078351981901,89.0637357659513,6.487794205846063,71.89882734580634,4.149377580423034
2024-05-31,169.7553106962871,12.361818258109583,92.82890349252361,6.759930098017669,74.76563140124706,4.265356928601294
2024-06-28,155.63633265566065,12.684038913102489,84.7598602685885,6.907753142028335,68.14655138285525,4.3265821423748285
2024-07-31,162.6621685360448,12.93221151439499,88.18840258139812,7.011286555217286,70.29511214262273,4.2695540402636
2024-08-30,168.29828779432702,13.211798638186572,90.80714097478163,7.12856724326507,72.00540139665445,4.30599768415361
2024-09-30,167.72309138677517,13.488876312781127,90.1355234614494,7.249013342805221,71.15167182590574,4.340715806716843
2024-10-31,146.56856904365202,13.376808612990148,78.46034728472924,7.160805731984601,62.59977548798894,4.464300302170584
2024-11-29,128.60384941241935,14.244219515862323,68.56873992001124,7.594704107297043,54.757254613794245,4.699199203462784
2024-12-31,198.24491142983246,13.793868480457066,105.3094535849063,7.327425163258944,84.24466274953055,4.68040570017368
